Id,call.id,UTC,UTCMilliseconds,PCLocalTime,PCTime,Source,encounterCount,sightingNum,classifiedAs,voteList,freqMax,freqMin,duration,freqBeg,freqEnd,freqRange,freqMean,freqStdDev,freqMedian,freqCenter,freqRelBW,freqMaxMinRatio,freqBegEndRatio,freqQuarter1,freqQuarter2,freqQuarter3,freqSpread,freqCOFM,freqStepUp,freqStepDown,freqNumSteps,freqSlopeMean,freqAbsSlopeMean,freqPosSlopeMean,freqNegSlopeMean,freqSlopeRatio,freqBegSweep,freqBegUp,freqBegDwn,freqEndSweep,freqEndUp,freqEndDwn,numSweepsUpDwn,numSweepsDwnUp,numSweepsUpFlat,numSweepsDwnFlat,numSweepsFlatUp,numSweepsFlatDwn,freqSweepUpPercent,freqSweepDwnPercent,freqSweepFlatPercent,numInflections,inflMaxDelta,inflMinDelta,inflMaxMinDelta,inflMeanDelta,inflStdDevDelta,inflMedianDelta,infldur,stepdur,event.id,Year,Month
1,CB_2019Summer_AutoEvent4_01-1,2019-06-19T11:06:53Z,995,2019-06-19T07:06:53Z,2025-04-10T15:02:54Z,CB,1,AutoEvent4,Ambig,(0.07733-0.0-0.10933-0.188-0.0-0.14533-0.24133-0.044-0.19467-),10640.625,9468.75,0.234,10640.625,9937.5,1171.875,10220.7880434783,319.012548811809,10312.5,10054.6875,0.116550116550117,1.12376237623762,1.07075471698113,10265.625,10406.25,10171.875,328.125,0.140625,0,0,0,-3163.73966942149,9362.0867768595,34090.9090909091,-9841.72077922078,-3.4639175257732,0,0,1,0,0,1,0,1,1,1,0,2,16,72,12,2,0.032,0.032,1,0.032,0,0.032,8.54700854700855,0,CB_2019Summer_AutoEvent4_01,2019,6
2,CB_2019Summer_AutoEvent16_02-2,2019-06-19T13:45:55Z,647,2019-06-19T09:45:55Z,2025-04-10T15:05:06Z,CB,2,AutoEvent16,Sc,(0.28267-0.0-0.07467-0.03733-0.0-0.34133-0.02133-0.176-0.06667-),12843.75,10500,0.247,10500,12796.875,2343.75,11791.015625,740.382351383263,11625,11671.875,0.200803212851406,1.22321428571429,0.82051282051282,11203.125,11578.125,12421.875,1253.90625,0.178125,0,0,0,9257.6581027668,9628.21146245059,10859.375,-4261.36363636364,-2.54833333333333,2,1,0,2,1,0,1,0,0,0,0,0,95.4545454545455,4.54545454545455,0,1,0,0,0,0,0,0,0,0,CB_2019Summer_AutoEvent16_02,2019,6
3,CB_2019Summer_AutoEvent16_02-3,2019-06-19T13:46:02Z,933,2019-06-19T09:46:02Z,2025-04-10T15:05:06Z,CB,3,AutoEvent16,Ambig,(0.184-0.0-0.10667-0.05067-0.0-0.11333-0.092-0.292-0.16133-),11390.625,9984.375,0.192,9984.375,11343.75,1406.25,10894.7368421053,455.895567991699,11015.625,10687.5,0.131578947368421,1.14084507042254,0.880165289256198,10500,11156.25,11390.625,703.125,0.103125,0,0,0,7282.46001683502,14858.2175925926,14233.2927489178,-22727.2727272727,-0.626264880952381,2,1,0,0,0,1,1,0,0,0,0,0,91.6666666666667,8.33333333333333,0,1,0,0,0,0,0,0,0,0,CB_2019Summer_AutoEvent16_02,2019,6
4,CB_2019Summer_AutoEvent17_03-4,2019-06-19T13:56:02Z,826,2019-06-19T09:56:02Z,2025-04-10T15:05:19Z,CB,4,AutoEvent17,Sc,(0.01467-0.0-0.00267-0.07867-0.0-0.60933-0.04133-0.028-0.22533-),11390.625,7734.375,0.437,11390.625,8203.125,3656.25,9879.46428571429,1038.64498944044,10125,9562.5,0.382352941176471,1.47272727272727,1.38857142857143,10734.375,10171.875,9140.625,1570.3125,0.3140625,0,0,0,-7344.78935698448,10203.0210643016,29296.875,-10580.297459893,-2.76900296150049,0,0,1,0,0,1,0,0,0,2,0,2,4.87804878048781,90.2439024390244,4.87804878048781,0,0,0,0,0,0,0,0,0,CB_2019Summer_AutoEvent17_03,2019,6
5,CB_2019Summer_AutoEvent17_03-5,2019-06-19T13:56:03Z,392,2019-06-19T09:56:03Z,2025-04-10T15:05:20Z,CB,5,AutoEvent17,Sc,(0.104-0.0-0.05467-0.09067-0.0-0.48667-0.088-0.068-0.108-),11109.375,8812.5,0.351,9468.75,8812.5,2296.875,10233.9154411765,728.447480428741,10359.375,9960.9375,0.230588235294118,1.26063829787234,1.07446808510638,11062.5,10828.125,9796.875,1324.21875,0.3,0,0,0,-1859.5041322314,11286.1570247934,17282.196969697,-9859.2458677686,-1.75289238157608,2,1,0,0,0,1,1,0,0,0,0,0,28.125,71.875,0,1,0,0,0,0,0,0,0,0,CB_2019Summer_AutoEvent17_03,2019,6
6,CB_2019Summer_AutoEvent17_03-6,2019-06-19T13:56:03Z,967,2019-06-19T09:56:03Z,2025-04-10T15:05:20Z,CB,6,AutoEvent17,Ambig,(0.17867-0.0-0.07733-0.14533-0.0-0.296-0.06667-0.108-0.128-),10781.25,9609.375,0.235,9656.25,9609.375,1171.875,10349.1847826087,404.212786892561,10453.125,10195.3125,0.114942528735632,1.1219512195122,1.00487804878049,10687.5,10687.5,10406.25,609.375,0.15,0,0,0,-196.926652892562,9713.97210743802,14955.3571428571,-9084.99053030303,-1.64616100511866,2,1,0,0,0,1,1,0,0,0,0,0,38.0952380952381,61.9047619047619,0,1,0,0,0,0,0,0,0,0,CB_2019Summer_AutoEvent17_03,2019,6
7,CB_2019Summer_AutoEvent17_03-7,2019-06-19T13:56:35Z,605,2019-06-19T09:56:35Z,2025-04-10T15:05:24Z,CB,7,AutoEvent17,Sc,(0.09867-0.0-0.03467-0.172-0.0-0.348-0.092-0.05467-0.2-),11390.625,8906.25,0.202,10640.625,9000,2484.375,10488.28125,809.170096370471,10710.9375,10148.4375,0.244803695150115,1.27894736842105,1.18229166666667,11390.625,10781.25,10078.125,1136.71875,0.2484375,0,0,0,-7877.29266347688,17421.7503987241,18134.4696969697,-18487.7622377622,-0.980890464933018,2,1,0,0,0,1,1,0,0,0,0,0,20,80,0,1,0,0,0,0,0,0,0,0,CB_2019Summer_AutoEvent17_03,2019,6
8,CB_2019Summer_AutoEvent17_03-8,2019-06-19T13:56:35Z,990,2019-06-19T09:56:35Z,2025-04-10T15:05:24Z,CB,8,AutoEvent17,Sc,(0.22533-0.0-0.06667-0.096-0.0-0.32133-0.10667-0.06533-0.11867-),11343.75,9328.125,0.223,10593.75,9328.125,2015.625,10763.3928571429,623.010225495079,10968.75,10335.9375,0.195011337868481,1.21608040201005,1.1356783919598,11343.75,11062.5,10500,843.75,0.159375,0,0,0,-5110.59253246753,12397.5243506494,24289.7727272727,-14590.0974025974,-1.66481223922114,2,1,0,0,0,1,0,0,1,0,0,1,25.9259259259259,59.2592592592593,14.8148148148148,1,0,0,0,0,0,0,0,0,CB_2019Summer_AutoEvent17_03,2019,6
9,CB_2019Summer_AutoEvent17_03-9,2019-06-19T13:56:41Z,77,2019-06-19T09:56:41Z,2025-04-10T15:05:25Z,CB,9,AutoEvent17,Ambig,(0.19333-0.0-0.05467-0.08667-0.0-0.26-0.064-0.228-0.11333-),11296.875,10125,0.17,10125,10453.125,1171.875,10895.5078125,456.389774180538,11132.8125,10710.9375,0.109409190371991,1.11574074074074,0.968609865470852,10453.125,11296.875,11203.125,796.875,0.159375,0,0,0,4066.55844155844,11160.7142857143,19034.0909090909,-8867.6948051948,-2.14645308924485,2,1,0,0,0,1,1,0,0,0,0,0,50,50,0,1,0,0,0,0,0,0,0,0,CB_2019Summer_AutoEvent17_03,2019,6
10,CB_2019Summer_AutoEvent17_03-10,2019-06-19T13:56:41Z,450,2019-06-19T09:56:41Z,2025-04-10T15:05:25Z,CB,10,AutoEvent17,Ambig,(0.27067-0.0-0.044-0.12933-0.0-0.21467-0.05067-0.07733-0.21333-),11390.625,10687.5,0.15,10687.5,10781.25,703.125,11059.375,204.68153617266,11062.5,11039.0625,0.0636942675159236,1.06578947368421,0.991304347826087,11390.625,11203.125,11062.5,257.8125,0.046875,0,0,0,793.087121212122,9407.12932900433,17850.3787878788,-10049.7159090909,-1.77620730270907,2,1,0,0,0,1,1,0,0,1,0,1,25,66.6666666666667,8.33333333333333,1,0,0,0,0,0,0,0,0,CB_2019Summer_AutoEvent17_03,2019,6
11,CB_2019Summer_AutoEvent17_03-11,2019-06-19T13:56:49Z,686,2019-06-19T09:56:49Z,2025-04-10T15:05:28Z,CB,11,AutoEvent17,Sc,(0.06133-0.0-0.04533-0.14-0.0-0.47067-0.05867-0.044-0.18-),12281.25,9140.625,0.276,12281.25,9281.25,3140.625,10539.9305555556,914.936130556005,10406.25,10710.9375,0.293216630196937,1.34358974358974,1.32323232323232,11250,10406.25,9937.5,1195.3125,0.2578125,0,0,0,-10940.2316433566,11923.6232517483,12784.0909090909,-11889.2045454545,-1.0752688172043,0,0,1,0,0,1,0,0,0,0,0,0,0,100,0,0,0,0,0,0,0,0,0,0,CB_2019Summer_AutoEvent17_03,2019,6
12,CB_2019Summer_AutoEvent18_04-12,2019-06-19T14:05:09Z,269,2019-06-19T10:05:09Z,2025-04-10T15:05:31Z,CB,12,AutoEvent18,Sc,(0.328-0.0-0.012-0.09067-0.0-0.33733-0.016-0.19867-0.01733-),13781.25,12140.625,0.17,12140.625,13781.25,1640.625,13221.5073529412,487.271934774739,13359.375,12960.9375,0.126582278481013,1.13513513513514,0.880952380952381,12796.875,13359.375,13593.75,703.125,0.0984375,0,0,0,9630.97774621212,9630.97774621212,10273.0429292929,0,0,2,1,0,2,1,0,1,0,0,0,0,0,100,0,0,1,0,0,0,0,0,0,0,0,CB_2019Summer_AutoEvent18_04,2019,6
13,CB_2019Summer_AutoEvent18_04-13,2019-06-19T14:06:28Z,170,2019-06-19T10:06:28Z,2025-04-10T15:05:39Z,CB,13,AutoEvent18,Ambig,(0.236-0.0-0.16267-0.03867-0.0-0.15733-0.05067-0.3-0.05467-),11015.625,9375,0.16,9375,11015.625,1640.625,10253.90625,534.59425326597,10312.5,10195.3125,0.160919540229885,1.175,0.851063829787234,9703.125,10218.75,10687.5,867.1875,0.13125,0,0,0,10156.25,13281.25,12555.8035714286,-23437.5,-0.535714285714286,2,1,0,2,1,0,1,0,0,0,0,0,100,0,0,1,0,0,0,0,0,0,0,0,CB_2019Summer_AutoEvent18_04,2019,6
14,CB_2019Summer_AutoEvent22_05-14,2019-06-19T14:46:14Z,400,2019-06-19T10:46:14Z,2025-04-10T15:06:23Z,CB,14,AutoEvent22,Sc,(0.19867-0.0-0.04133-0.02933-0.0-0.392-0.132-0.09867-0.108-),13031.25,11578.125,0.223,12375,13031.25,1453.125,12106.5340909091,477.634950672473,11953.125,12304.6875,0.118095238095238,1.12550607287449,0.949640287769784,11671.875,11718.75,12234.375,621.09375,0.178125,0,0,0,2918.69588744589,10142.7218614719,11428.740530303,-12642.0454545455,-0.904026217228465,0,0,1,2,1,0,1,0,0,1,1,0,63.6363636363636,31.8181818181818,4.54545454545455,2,0.137,0.137,1,0.137,0,0.137,8.96860986547085,0,CB_2019Summer_AutoEvent22_05,2019,6
15,CB_2019Summer_AutoEvent22_05-15,2019-06-19T14:46:44Z,735,2019-06-19T10:46:44Z,2025-04-10T15:06:27Z,CB,15,AutoEvent22,Ambig,(0.22667-0.0-0.08267-0.028-0.0-0.24667-0.16-0.11467-0.14133-),12328.125,11578.125,0.151,11859.375,12328.125,750,11878.125,240.195581580333,11859.375,11953.125,0.0627450980392157,1.06477732793522,0.961977186311787,11578.125,11765.625,11953.125,328.125,0.075,0,0,0,3074.26948051948,9831.57467532468,10037.8787878788,-11825.2840909091,-0.848848848848849,0,0,1,2,1,0,1,1,0,0,0,0,80,20,0,2,0.108,0.108,1,0.108,0,0.108,13.2450331125828,0,CB_2019Summer_AutoEvent22_05,2019,6
16,CB_2019Summer_AutoEvent26_06-16,2019-06-19T15:25:17Z,173,2019-06-19T11:25:17Z,2025-04-10T15:07:07Z,CB,16,AutoEvent26,Sc,(0.10533-0.0-0.02933-0.14667-0.0-0.524-0.03467-0.05467-0.10533-),10828.125,8671.875,0.266,10828.125,8671.875,2156.25,9591.34615384616,592.493609994754,9539.0625,9750,0.221153846153846,1.24864864864865,1.24864864864865,9984.375,9562.5,9093.75,843.75,0.1359375,0,0,0,-8273.67424242424,9296.40151515152,12784.0909090909,-10458.3784271284,-1.22237792389781,0,0,1,0,0,1,0,0,0,0,0,0,0,100,0,0,0,0,0,0,0,0,0,0,CB_2019Summer_AutoEvent26_06,2019,6
17,CB_2019Summer_AutoEvent27_07-17,2019-06-19T15:36:14Z,229,2019-06-19T11:36:14Z,2025-04-10T15:07:24Z,CB,17,AutoEvent27,Ambig,(0.252-0.0-0.03867-0.09067-0.0-0.22267-0.06267-0.12133-0.212-),11765.625,10734.375,0.171,10781.25,10734.375,1031.25,11371.3235294118,386.917144965191,11531.25,11250,0.0916666666666667,1.09606986899563,1.00436681222707,11625,11671.875,11296.875,562.5,0.1171875,0,0,0,-19.2353219696956,11897.7864583333,23757.1022727273,-11917.021780303,-1.9935435808294,2,1,0,0,0,1,0,0,1,0,0,1,29.4117647058824,64.7058823529412,5.88235294117647,1,0,0,0,0,0,0,0,0,CB_2019Summer_AutoEvent27_07,2019,6
18,CB_2019Summer_AutoEvent27_07-18,2019-06-19T15:36:15Z,392,2019-06-19T11:36:15Z,2025-04-10T15:07:25Z,CB,18,AutoEvent27,Sc,(0.17067-0.0-0.06667-0.19733-0.0-0.37867-0.04667-0.07467-0.06533-),10781.25,9093.75,0.159,10640.625,9093.75,1687.5,10236.328125,545.545258348242,10359.375,9937.5,0.169811320754717,1.18556701030928,1.17010309278351,10734.375,10406.25,10125,585.9375,0.1640625,0,0,0,-9630.68181818182,11505.6818181818,14062.5,-14411.1570247934,-0.975806451612903,2,1,0,0,0,1,1,0,0,0,0,0,7.14285714285714,92.8571428571429,0,1,0,0,0,0,0,0,0,0,CB_2019Summer_AutoEvent27_07,2019,6
19,CB_2019Summer_AutoEvent27_07-19,2019-06-19T15:36:38Z,58,2019-06-19T11:36:38Z,2025-04-10T15:07:28Z,CB,19,AutoEvent27,Sc,(0.07067-0.0-0.00533-0.23067-0.0-0.448-0.06133-0.028-0.156-),10734.375,6937.5,0.491,10734.375,7031.25,3796.875,8704.78723404255,1207.60403754339,8812.5,8835.9375,0.429708222811671,1.5472972972973,1.52666666666667,9609.375,8812.5,7687.5,2039.0625,0.328125,0,0,0,-7447.09321475626,10893.2394598156,15852.2727272727,-11100.7276714514,-1.42803906162308,0,0,1,0,0,1,1,1,0,0,0,0,5.12820512820513,94.8717948717949,0,2,0.053,0.053,1,0.053,0,0.053,4.07331975560081,0,CB_2019Summer_AutoEvent27_07,2019,6
20,CB_2019Summer_AutoEvent27_07-20,2019-06-19T15:36:41Z,45,2019-06-19T11:36:41Z,2025-04-10T15:07:28Z,CB,20,AutoEvent27,Sc,(0.12267-0.0-0.08533-0.108-0.0-0.476-0.072-0.012-0.124-),18656.25,16640.625,0.192,18656.25,16687.5,2015.625,17718.75,685.900127113999,17625,17648.4375,0.114209827357238,1.12112676056338,1.11797752808989,18421.875,17625,17296.875,1054.6875,0.1734375,0,0,0,-10487.6893939394,11434.6590909091,4261.36363636364,-14092.9383116883,-0.302375809935205,0,0,1,0,0,1,0,0,0,0,0,0,0,100,0,0,0,0,0,0,0,0,0,0,CB_2019Summer_AutoEvent27_07,2019,6
21,CB_2019Summer_AutoEvent27_07-21,2019-06-19T15:36:43Z,7,2019-06-19T11:36:43Z,2025-04-10T15:07:29Z,CB,21,AutoEvent27,Sa,(0.10133-0.0-0.06533-0.352-0.0-0.11333-0.14267-0.02533-0.2-),20765.625,19078.125,0.15,20765.625,19078.125,1687.5,19765.625,561.569170303814,19593.75,19921.875,0.0847058823529412,1.08845208845209,1.08845208845209,20250,19593.75,19500,726.5625,0.1125,0,0,0,-11297.6866883117,11297.6866883117,0,-13180.634469697,0,0,0,1,0,0,1,0,0,0,0,0,0,0,100,0,0,0,0,0,0,0,0,0,0,CB_2019Summer_AutoEvent27_07,2019,6
22,CB_2019Summer_AutoEvent43_08-22,2019-06-24T04:45:20Z,63,2019-06-24T00:45:20Z,2025-04-10T15:11:55Z,CB,22,AutoEvent43,Sc,(0.18267-0.0-0.01467-0.196-0.0-0.35867-0.04533-0.16133-0.04133-),12515.625,8578.125,0.342,8578.125,12187.5,3937.5,10776.9886363636,1096.08618197834,10734.375,10546.875,0.373333333333333,1.45901639344262,0.703846153846154,9937.5,10734.375,11718.75,1734.375,0.309375,0,0,0,10440.3409090909,12491.1221590909,12230.1136363636,-32812.5,-0.372727272727273,2,1,0,2,1,0,1,0,0,0,0,0,100,0,0,1,0,0,0,0,0,0,0,0,CB_2019Summer_AutoEvent43_08,2019,6
23,CB_2019Summer_AutoEvent43_08-23,2019-06-24T04:45:20Z,405,2019-06-24T00:45:20Z,2025-04-10T15:11:55Z,CB,23,AutoEvent43,Sc,(0.24-0.0-0.00133-0.23333-0.0-0.35333-0.04133-0.05867-0.072-),16640.625,12609.375,0.289,12609.375,16546.875,4031.25,14598.2142857143,1210.13438229574,14531.25,14625,0.275641025641026,1.31970260223048,0.762039660056657,13593.75,14484.375,15421.875,1804.6875,0.346875,0,0,0,13635.4868125701,14266.7999438833,15067.2348484848,-8522.72727272727,-1.76788888888889,2,1,0,2,1,0,1,0,0,0,0,0,100,0,0,1,0,0,0,0,0,0,0,0,CB_2019Summer_AutoEvent43_08,2019,6
24,CB_2019Summer_AutoEvent43_08-24,2019-06-24T04:46:48Z,159,2019-06-24T00:46:48Z,2025-04-10T15:12:09Z,CB,24,AutoEvent43,Ambig,(0.15467-0.0-0.07733-0.09333-0.0-0.13867-0.24933-0.07733-0.20933-),14906.25,14250,0.171,14437.5,14906.25,656.25,14492.6470588235,213.03339873171,14437.5,14578.125,0.045016077170418,1.04605263157895,0.968553459119497,14437.5,14625,14296.875,234.375,0.09375,0,0,0,2645.59659090909,10102.9829545455,14569.8051948052,-9943.18181818182,-1.46530612244898,0,0,1,2,1,0,2,2,0,0,0,0,60,40,0,4,0.053,0.022,2.40909090909091,0.039,0.0157162336455017,0.042,23.3918128654971,0,CB_2019Summer_AutoEvent43_08,2019,6
25,CB_2019Summer_AutoEvent50_09-25,2019-06-29T03:15:44Z,138,2019-06-28T23:15:44Z,2025-04-10T15:14:51Z,CB,25,AutoEvent50,Ambig,(0.06667-0.0-0.11333-0.276-0.0-0.228-0.156-0.02133-0.13867-),10734.375,9187.5,0.235,10687.5,9656.25,1546.875,9911.00543478261,401.950444421022,9843.75,9960.9375,0.155294117647059,1.16836734693878,1.10679611650485,10218.75,9843.75,9703.125,515.625,0.103125,0,0,0,-4497.02995867769,9184.52995867769,17187.5,-9406.07244318182,-1.82727701746107,0,0,1,0,0,1,1,1,0,1,0,1,10,85,5,2,0.01,0.01,1,0.01,0,0.01,8.51063829787234,0,CB_2019Summer_AutoEvent50_09,2019,6
26,CB_2019Summer_AutoEvent50_09-26,2019-06-29T03:15:53Z,195,2019-06-28T23:15:53Z,2025-04-10T15:14:56Z,CB,26,AutoEvent50,Ambig,(0.24933-0.0-0.048-0.25867-0.0-0.164-0.04-0.068-0.172-),11437.5,9984.375,0.192,11437.5,10031.25,1453.125,10623.3552631579,468.023010813908,10593.75,10710.9375,0.135667396061269,1.14553990610329,1.14018691588785,10968.75,10593.75,10125,585.9375,0.103125,0,0,0,-7102.27272727273,13541.6666666667,28977.2727272727,-12386.3636363636,-2.3394495412844,0,0,1,2,1,0,0,0,0,0,0,0,0,100,0,0,0,0,0,0,0,0,0,0,CB_2019Summer_AutoEvent50_09,2019,6
27,CB_2019Summer_AutoEvent50_09-27,2019-06-29T03:15:58Z,634,2019-06-28T23:15:58Z,2025-04-10T15:15:01Z,CB,27,AutoEvent50,Ambig,(0.19067-0.0-0.024-0.06933-0.0-0.29867-0.13467-0.18267-0.1-),15046.875,13312.5,0.161,13312.5,14578.125,1734.375,14516.6015625,535.47549784193,14695.3125,14179.6875,0.122314049586777,1.13028169014085,0.913183279742765,14109.375,14859.375,15000,585.9375,0.13125,0,0,0,7897.72727272727,13636.3636363636,16150.5681818182,-8607.95454545455,-1.87623762376238,2,1,0,0,0,1,1,0,0,0,0,0,69.2307692307692,30.7692307692308,0,1,0,0,0,0,0,0,0,0,CB_2019Summer_AutoEvent50_09,2019,6
28,CB_2019Summer_AutoEvent50_09-28,2019-06-29T03:15:58Z,837,2019-06-28T23:15:58Z,2025-04-10T15:15:02Z,CB,28,AutoEvent50,Tt,(0.13467-0.0-0.10667-0.196-0.0-0.10133-0.1-0.03733-0.324-),11625,10312.5,0.181,11625,10734.375,1312.5,11023.4375,383.940976262858,11132.8125,10968.75,0.11965811965812,1.12727272727273,1.08296943231441,11250,11156.25,10640.625,457.03125,0.09375,0,0,0,-4911.70900178253,9975.21167557933,21519.8863636364,-14059.8695286195,-1.53058933582788,0,0,1,0,0,1,0,1,1,0,0,1,21.0526315789474,68.421052631579,10.5263157894737,2,0.042,0.042,1,0.042,0,0.042,11.0497237569061,0,CB_2019Summer_AutoEvent50_09,2019,6
29,CB_2019Summer_AutoEvent50_09-29,2019-06-29T03:16:01Z,600,2019-06-28T23:16:01Z,2025-04-10T15:15:03Z,CB,29,AutoEvent50,Ambig,(0.27867-0.0-0.04933-0.28533-0.0-0.15467-0.02933-0.05867-0.144-),11484.375,10031.25,0.159,11437.5,10500,1453.125,10775.390625,453.138469627387,10664.0625,10757.8125,0.135076252723312,1.14485981308411,1.08928571428571,11203.125,10734.375,10406.25,656.25,0.1078125,0,0,0,-5525.56818181818,12400.5681818182,25781.25,-10342.0017482518,-2.49286846275753,0,0,1,0,0,1,0,0,0,0,0,0,0,100,0,0,0,0,0,0,0,0,0,0,CB_2019Summer_AutoEvent50_09,2019,6
30,CB_2019Summer_AutoEvent50_09-30,2019-06-29T03:16:02Z,58,2019-06-28T23:16:02Z,2025-04-10T15:15:03Z,CB,30,AutoEvent50,Ambig,(0.13333-0.0-0.12133-0.1-0.0-0.14667-0.14267-0.168-0.188-),10875,9750,0.171,10640.625,10734.375,1125,10531.25,351.53882496041,10640.625,10312.5,0.109090909090909,1.11538461538462,0.991266375545852,10640.625,9750,10734.375,175.78125,0.0515625,0,0,0,6227.55558835104,13680.3300865801,21898.6742424242,-10247.5649350649,-2.13696369636964,0,0,1,2,1,0,1,1,0,0,0,1,50,40,10,2,0.054,0.054,1,0.054,0,0.054,11.6959064327485,0,CB_2019Summer_AutoEvent50_09,2019,6
31,CB_2019Summer_AutoEvent50_09-31,2019-06-29T03:16:03Z,221,2019-06-28T23:16:03Z,2025-04-10T15:15:03Z,CB,31,AutoEvent50,Ambig,(0.068-0.0-0.05867-0.092-0.0-0.15067-0.06667-0.26533-0.29867-),13125,10031.25,0.245,10031.25,13125,3093.75,11529.296875,877.982984270856,11320.3125,11578.125,0.267206477732794,1.30841121495327,0.764285714285714,10828.125,11203.125,12140.625,1312.5,0.2578125,0,0,0,12632.7816205534,19376.8527667984,18405.5397727273,-25852.2727272727,-0.711950549450549,2,1,0,2,1,0,1,0,0,0,0,0,100,0,0,1,0,0,0,0,0,0,0,0,CB_2019Summer_AutoEvent50_09,2019,6
32,CB_2019Summer_AutoEvent50_09-32,2019-06-29T03:16:03Z,807,2019-06-28T23:16:03Z,2025-04-10T15:15:04Z,CB,32,AutoEvent50,Sf,(0.12133-0.0-0.00533-0.136-0.0-0.292-0.01067-0.41733-0.01733-),13546.875,10125,0.235,10125,13546.875,3421.875,11796.1956521739,1151.46505173972,11531.25,11835.9375,0.289108910891089,1.33796296296296,0.747404844290657,10687.5,11531.25,12750,2109.375,0.28125,0,0,0,14634.9862258953,14634.9862258953,16945.7735247209,0,0,2,1,0,2,1,0,1,0,1,0,1,0,91.304347826087,4.34782608695652,4.34782608695652,1,0,0,0,0,0,0,0,0,CB_2019Summer_AutoEvent50_09,2019,6
34,CB_2019Summer_AutoEvent50_09-34,2019-06-29T03:16:04Z,63,2019-06-28T23:16:04Z,2025-04-10T15:15:04Z,CB,34,AutoEvent50,Sc,(0.28667-0.0-0.036-0.05467-0.0-0.324-0.032-0.17867-0.088-),12328.125,11062.5,0.15,11062.5,12281.25,1265.625,12036.0576923077,405.56756660479,12234.375,11695.3125,0.108216432865731,1.11440677966102,0.900763358778626,11625,12187.5,12281.25,140.625,0.0140625,0,0,0,6570.74780058651,9553.70234604106,10749.633431085,-8948.86363636364,-1.20122887864823,2,1,0,0,0,1,1,0,0,0,0,0,100,0,0,1,0,0,0,0,0,0,0,0,CB_2019Summer_AutoEvent50_09,2019,6
33,CB_2019Summer_AutoEvent50_09-33,2019-06-29T03:16:04Z,74,2019-06-28T23:16:04Z,2025-04-10T15:15:04Z,CB,33,AutoEvent50,Sc,(0.04-0.0-0.016-0.14933-0.0-0.43067-0.15067-0.04-0.17333-),12421.875,8625,0.256,12421.875,8765.625,3796.875,10086.277173913,1025.29129865484,10125,10523.4375,0.360801781737194,1.44021739130435,1.41711229946524,10500,10125,9609.375,1078.125,0.24375,0,1,1,-11595.1371300986,13183.4635763796,8735.79545454546,-15142.4782095145,-0.576906589111449,0,0,1,0,0,1,0,0,0,0,0,0,0,100,0,0,0,0,0,0,0,0,0,3.90625,CB_2019Summer_AutoEvent50_09,2019,6
35,CB_2019Summer_AutoEvent50_09-35,2019-06-29T03:16:04Z,853,2019-06-28T23:16:04Z,2025-04-10T15:15:05Z,CB,35,AutoEvent50,Sc,(0.16933-0.0-0.06533-0.172-0.0-0.304-0.096-0.06533-0.128-),11203.125,9234.375,0.235,10406.25,9562.5,1968.75,10544.6428571429,584.806945022397,10640.625,10218.75,0.192660550458716,1.21319796954315,1.08823529411765,11203.125,10828.125,10312.5,703.125,0.1546875,0,0,0,-3713.47402597403,12570.0081168831,17713.0681818182,-12525.7554945055,-1.41413172160259,2,1,0,0,0,1,0,0,1,0,0,1,25,70,5,1,0,0,0,0,0,0,0,0,CB_2019Summer_AutoEvent50_09,2019,6
36,CB_2019Summer_AutoEvent50_09-36,2019-06-29T03:16:06Z,922,2019-06-28T23:16:06Z,2025-04-10T15:15:05Z,CB,36,AutoEvent50,Sf,(0.03867-0.0-0.012-0.17867-0.0-0.18267-0.04933-0.44533-0.09333-),12468.75,8484.375,0.224,8484.375,12328.125,3984.375,10274.1477272727,1341.17561460861,10218.75,10476.5625,0.380313199105145,1.46961325966851,0.688212927756654,9046.875,10125,11296.875,2179.6875,0.3609375,0,0,0,17433.2611832612,19056.6378066378,21285.7744107744,-8522.72727272727,-2.49753086419753,2,1,0,2,1,0,2,1,0,0,0,0,94.4444444444444,5.55555555555556,0,3,0.171,0.021,8.14285714285714,0.096,0.106066017177982,0.096,13.3928571428571,0,CB_2019Summer_AutoEvent50_09,2019,6
37,CB_2019Summer_AutoEvent50_09-37,2019-06-29T03:16:07Z,562,2019-06-28T23:16:07Z,2025-04-10T15:15:06Z,CB,37,AutoEvent50,Tt,(0.14933-0.0-0.06133-0.052-0.0-0.14133-0.10933-0.152-0.33467-),12140.625,11015.625,0.16,11812.5,11531.25,1125,11496.09375,313.513979951453,11460.9375,11578.125,0.097165991902834,1.10212765957447,1.02439024390244,11812.5,11203.125,11296.875,398.4375,0.13125,0,0,0,-1818.18181818182,13465.9090909091,12479.7077922078,-14328.8352272727,-0.870950610727562,1,0,0,2,1,0,2,1,0,0,0,0,45.4545454545455,54.5454545454545,0,3,0.074,0.053,1.39622641509434,0.0635,0.0148492424049175,0.0635,18.75,0,CB_2019Summer_AutoEvent50_09,2019,6
38,CB_2019Summer_AutoEvent50_09-38,2019-06-29T03:16:08Z,351,2019-06-28T23:16:08Z,2025-04-10T15:15:06Z,CB,38,AutoEvent50,Scl,(0.10533-0.0-0.04133-0.05067-0.0-0.14667-0.37467-0.15733-0.124-),15046.875,13640.625,0.171,14015.625,15000,1406.25,14125.9191176471,482.590923956419,13968.75,14343.75,0.0980392156862745,1.10309278350515,0.934375,13875,13734.375,14390.625,609.375,0.140625,0,0,0,5593.03977272727,13476.5625,16950.7575757576,-10511.3636363636,-1.61261261261261,0,0,1,2,1,0,1,1,0,0,0,0,58.3333333333333,41.6666666666667,0,2,0.096,0.096,1,0.096,0,0.096,11.6959064327485,0,CB_2019Summer_AutoEvent50_09,2019,6
39,CB_2019Summer_AutoEvent50_09-39,2019-06-29T03:16:11Z,392,2019-06-28T23:16:11Z,2025-04-10T15:15:07Z,CB,39,AutoEvent50,Sc,(0.032-0.0-0.02-0.12-0.0-0.45333-0.08933-0.032-0.25333-),11343.75,7921.875,0.309,10453.125,8531.25,3421.875,9954.6875,969.560891850773,10218.75,9632.8125,0.355231143552311,1.43195266272189,1.22527472527473,10781.25,10359.375,9187.5,1300.78125,0.3140625,0,0,0,-5877.74294670847,16310.736677116,25213.0681818182,-16086.6477272727,-1.5673289183223,2,1,0,0,0,1,1,0,0,1,0,1,17.8571428571429,75,7.14285714285714,1,0,0,0,0,0,0,0,0,CB_2019Summer_AutoEvent50_09,2019,6
40,CB_2019Summer_AutoEvent50_09-40,2019-06-29T03:16:11Z,850,2019-06-28T23:16:11Z,2025-04-10T15:15:07Z,CB,40,AutoEvent50,Sc,(0.18133-0.0-0.07467-0.164-0.0-0.37733-0.03867-0.08667-0.07733-),10968.75,9375,0.181,10875,9468.75,1593.75,10283.8541666667,609.086234371403,10406.25,10171.875,0.15668202764977,1.17,1.14851485148515,10875,10453.125,9609.375,1230.46875,0.1453125,0,0,0,-7611.96524064171,9717.58021390374,8948.86363636364,-11330.8566433566,-0.789778206364513,2,1,0,0,0,1,1,0,0,0,0,0,6.66666666666667,93.3333333333333,0,1,0,0,0,0,0,0,0,0,CB_2019Summer_AutoEvent50_09,2019,6
41,CB_2019Summer_AutoEvent50_09-41,2019-06-29T03:16:16Z,970,2019-06-28T23:16:16Z,2025-04-10T15:15:09Z,CB,41,AutoEvent50,Ambig,(0.15467-0.0-0.11067-0.16-0.0-0.14-0.164-0.03067-0.24-),11531.25,10031.25,0.16,11531.25,10593.75,1500,10772.4609375,421.777332444576,10664.0625,10781.25,0.139130434782609,1.14953271028037,1.08849557522124,11062.5,10734.375,10406.25,433.59375,0.159375,0,0,0,-5714.96212121212,13158.1439393939,18607.9545454546,-11795.6912878788,-1.57752132463623,0,0,1,2,1,0,1,1,0,0,0,0,15.3846153846154,84.6153846153846,0,2,0.021,0.021,1,0.021,0,0.021,12.5,0,CB_2019Summer_AutoEvent50_09,2019,6
42,CB_2019Summer_AutoEvent50_09-42,2019-06-29T03:16:25Z,823,2019-06-28T23:16:25Z,2025-04-10T15:15:11Z,CB,42,AutoEvent50,Ambig,(0.17867-0.0-0.07067-0.29867-0.0-0.18267-0.08133-0.07467-0.11333-),11015.625,9609.375,0.161,9937.5,9609.375,1406.25,10437.5,447.743598901361,10453.125,10312.5,0.136363636363636,1.14634146341463,1.03414634146341,11015.625,10640.625,10406.25,773.4375,0.09375,0,0,0,-5128.13079777366,13621.8692022263,19818.7229437229,-11931.8181818182,-1.6609977324263001,2,1,0,0,0,1,1,0,0,0,0,0,16.6666666666667,83.3333333333333,0,1,0,0,0,0,0,0,0,0,CB_2019Summer_AutoEvent50_09,2019,6
43,CB_2019Summer_AutoEvent50_09-43,2019-06-29T03:16:26Z,187,2019-06-28T23:16:26Z,2025-04-10T15:15:11Z,CB,43,AutoEvent50,Ambig,(0.14267-0.0-0.08267-0.17333-0.0-0.19867-0.092-0.15333-0.15733-),10968.75,9843.75,0.159,10218.75,10359.375,1125,10529.296875,357.757910682978,10593.75,10406.25,0.108108108108108,1.11428571428571,0.986425339366516,10875,10828.125,10312.5,550.78125,0.0796875,0,0,0,844.381313131313,14875.3156565657,23579.5454545455,-11692.4452861953,-2.01664791901012,2,1,0,0,0,1,1,0,0,0,0,0,30.7692307692308,69.2307692307692,0,1,0,0,0,0,0,0,0,0,CB_2019Summer_AutoEvent50_09,2019,6
44,CB_2019Summer_AutoEvent50_09-44,2019-06-29T03:16:26Z,645,2019-06-28T23:16:26Z,2025-04-10T15:15:12Z,CB,44,AutoEvent50,Dd,(0.36-0.0-0.02-0.03067-0.0-0.32933-0.056-0.13867-0.06533-),12843.75,10453.125,0.353,10453.125,12703.125,2390.625,11358.9154411765,573.602619151558,11203.125,11648.4375,0.20523138832998,1.22869955156951,0.822878228782288,10875,11109.375,11578.125,632.8125,0.2296875,0,0,0,6448.00275482094,9133.95316804408,12855.1136363636,-7386.36363636364,-1.74038461538462,2,1,0,2,1,0,3,1,1,2,2,1,64.7058823529412,23.5294117647059,11.7647058823529,5,0.161,0.02,8.05,0.07475,0.0605660796155736,0.059,14.1643059490085,0,CB_2019Summer_AutoEvent50_09,2019,6
45,CB_2019Summer_AutoEvent50_09-45,2019-06-29T03:16:56Z,554,2019-06-28T23:16:56Z,2025-04-10T15:15:27Z,CB,45,AutoEvent50,Sc,(0.14-0.0-0.03067-0.17867-0.0-0.38533-0.03333-0.13467-0.09733-),11343.75,9234.375,0.213,11296.875,9421.875,2109.375,10283.4821428571,696.606690820888,10218.75,10289.0625,0.20501138952164,1.22842639593909,1.19900497512438,11015.625,10218.75,9703.125,1078.125,0.1875,0,0,0,-8954.7821969697,11255.9185606061,11505.6818181818,-11228.1670875421,-1.02471594236851,0,0,1,0,0,1,0,0,0,0,0,0,0,100,0,0,0,0,0,0,0,0,0,0,CB_2019Summer_AutoEvent50_09,2019,6
46,CB_2019Summer_AutoEvent52_10-46,2019-06-29T03:35:49Z,55,2019-06-28T23:35:49Z,2025-04-10T15:16:51Z,CB,46,AutoEvent52,Dd,(0.344-0.0-0.036-0.1-0.0-0.104-0.13333-0.044-0.23867-),17812.5,16406.25,0.15,16406.25,17812.5,1406.25,17171.875,484.122918275927,17203.125,17109.375,0.0821917808219178,1.08571428571429,0.921052631578947,16546.875,17203.125,17484.375,773.4375,0.121875,0,0,0,9314.12337662338,10531.6558441558,11576.7045454546,-8522.72727272727,-1.35833333333333,2,1,0,2,1,0,1,0,0,0,0,0,100,0,0,1,0,0,0,0,0,0,0,0,CB_2019Summer_AutoEvent52_10,2019,6
47,CB_2019Summer_AutoEvent55_11-47,2019-06-29T07:26:54Z,826,2019-06-29T03:26:54Z,2025-04-10T15:19:22Z,CB,47,AutoEvent55,Ambig,(0.248-0.0-0.15467-0.06267-0.0-0.16533-0.08-0.23467-0.05467-),11812.5,9984.375,0.161,9984.375,11812.5,1828.125,10921.875,688.918990157769,11062.5,10898.4375,0.167741935483871,1.1830985915493,0.845238095238095,10171.875,11062.5,11484.375,1253.90625,0.159375,0,0,0,10900.622814685301,13064.0843531469,15577.0596590909,-7031.25,-2.21540404040404,2,1,0,2,1,0,1,1,0,0,0,0,100,0,0,2,0.129,0.129,1,0.129,0,0.129,12.4223602484472,0,CB_2019Summer_AutoEvent55_11,2019,6
48,CB_2019Summer_AutoEvent55_11-48,2019-06-29T07:26:58Z,998,2019-06-29T03:26:58Z,2025-04-10T15:19:23Z,CB,48,AutoEvent55,Sc,(0.11067-0.0-0.03067-0.204-0.0-0.44267-0.03067-0.06933-0.112-),11484.375,9421.875,0.244,11343.75,9468.75,2062.5,10289.0625,733.774905139882,10242.1875,10453.125,0.197309417040359,1.21890547263682,1.1980198019802,11015.625,10312.5,9562.5,1324.21875,0.178125,0,0,0,-7474.88471673254,9204.13372859025,9943.18181818182,-10095.1953748006,-0.98494198963219,0,0,1,0,0,1,0,0,0,1,0,1,4.54545454545455,90.9090909090909,4.54545454545455,0,0,0,0,0,0,0,0,0,CB_2019Summer_AutoEvent55_11,2019,6
49,CB_2019Summer_AutoEvent78_12-49,2019-07-04T00:05:26Z,998,2019-07-03T20:05:26Z,2025-04-10T15:26:22Z,CB,49,AutoEvent78,Ambig,(0.244-0.0-0.05733-0.19733-0.0-0.18133-0.03333-0.09067-0.196-),10968.75,10640.625,0.159,10875,10687.5,328.125,10775.390625,96.6352881004139,10734.375,10804.6875,0.0303687635574837,1.03083700440529,1.01754385964912,10734.375,10968.75,10875,152.34375,0.0046875,0,0,0,-1106.37626262626,9913.19444444444,16512.7840909091,-7513.34366391185,-2.1977943282727,0,0,1,0,0,1,0,0,0,0,0,0,0,100,0,0,0,0,0,0,0,0,0,0,CB_2019Summer_AutoEvent78_12,2019,7
50,CB_2019Summer_AutoEvent79_13-50,2019-07-04T00:15:37Z,706,2019-07-03T20:15:37Z,2025-04-10T15:27:04Z,CB,50,AutoEvent79,Sc,(0.23467-0.0-0.024-0.05467-0.0-0.31867-0.092-0.21067-0.06533-),10968.75,8390.625,0.299,8390.625,10359.375,2578.125,9197.19827586207,671.192211629633,9000,9679.6875,0.26634382566586,1.3072625698324,0.809954751131222,8671.875,9000,9375,609.375,0.24375,0,0,0,6321.02272727273,10673.7012987013,9913.58901515152,-60937.5,-0.162684537684538,2,1,0,2,1,0,1,0,1,0,1,0,92.8571428571429,3.57142857142857,3.57142857142857,1,0,0,0,0,0,0,0,0,CB_2019Summer_AutoEvent79_13,2019,7
51,CB_2019Summer_AutoEvent79_13-51,2019-07-04T00:15:39Z,626,2019-07-03T20:15:39Z,2025-04-10T15:27:05Z,CB,51,AutoEvent79,Sc,(0.252-0.0-0.056-0.01467-0.0-0.34-0.06-0.24-0.03733-),10968.75,8906.25,0.192,8906.25,10875,2062.5,9700.65789473684,619.797425522413,9468.75,9937.5,0.207547169811321,1.23157894736842,0.818965517241379,9234.375,9468.75,9937.5,773.4375,0.16875,0,0,0,10441.6561447811,11388.6258417508,12279.5336174242,-8522.72727272727,-1.44079861111111,2,1,0,2,1,0,1,0,0,0,0,0,100,0,0,1,0,0,0,0,0,0,0,0,CB_2019Summer_AutoEvent79_13,2019,7
52,CB_2019Summer_AutoEvent79_13-52,2019-07-04T00:16:40Z,223,2019-07-03T20:16:40Z,2025-04-10T15:27:43Z,CB,52,AutoEvent79,Sc,(0.18933-0.0-0.08533-0.04667-0.0-0.33733-0.03867-0.17067-0.132-),13406.25,10406.25,0.268,10406.25,13218.75,3000,11935.0961538462,991.454624092608,11953.125,11906.25,0.251968503937008,1.28828828828829,0.787234042553192,11015.625,11859.375,12843.75,1781.25,0.2671875,0,0,0,10551.1363636364,11914.7727272727,11700.9943181818,-17045.4545454545,-0.686458333333334,2,1,0,2,1,0,1,0,0,0,0,0,100,0,0,1,0,0,0,0,0,0,0,0,CB_2019Summer_AutoEvent79_13,2019,7
53,CB_2019Summer_AutoEvent104_14-53,2019-07-05T03:55:03Z,83,2019-07-04T23:55:03Z,2025-04-10T15:34:44Z,CB,53,AutoEvent104,Ambig,(0.284-0.0-0.008-0.188-0.0-0.11867-0.18-0.04133-0.18-),18750,16265.625,0.17,16265.625,18750,2484.375,17421.875,1011.06462410033,17015.625,17507.8125,0.14190093708166,1.15273775216138,0.8675,16593.75,17015.625,18656.25,2109.375,0.2109375,0,0,0,12793.814258658,14011.3467261905,17057.8297176309,-8522.72727272727,-2.00145202020202,2,1,0,2,1,0,1,0,0,0,0,0,100,0,0,1,0,0,0,0,0,0,0,0,CB_2019Summer_AutoEvent104_14,2019,7
54,CB_2019Summer_AutoEvent104_14-54,2019-07-05T03:55:11Z,327,2019-07-04T23:55:11Z,2025-04-10T15:34:46Z,CB,54,AutoEvent104,Sc,(0.008-0.0-0.05333-0.20667-0.0-0.50933-0.05867-0.03467-0.12933-),11625,8484.375,0.182,11625,8484.375,3140.625,10213.5416666667,984.163434314228,10242.1875,10054.6875,0.312354312354312,1.37016574585635,1.37016574585635,11015.625,10312.5,9468.75,1464.84375,0.234375,0,0,0,-17283.5895721925,17283.5895721925,0,-18363.8139204545,0,0,0,1,0,0,1,0,0,0,0,0,0,0,100,0,0,0,0,0,0,0,0,0,0,CB_2019Summer_AutoEvent104_14,2019,7
55,CB_2019Summer_AutoEvent104_14-55,2019-07-05T03:56:59Z,71,2019-07-04T23:56:59Z,2025-04-10T15:35:13Z,CB,55,AutoEvent104,Ambig,(0.09733-0.0-0.03733-0.23733-0.0-0.16533-0.06-0.19333-0.20933-),11062.5,7640.625,0.256,7640.625,11015.625,3421.875,9577.5,905.985952912627,9468.75,9351.5625,0.365914786967418,1.4478527607362,0.693617021276596,9046.875,9468.75,10171.875,1031.25,0.24375,0,0,0,13278.290719697,15408.9725378788,15647.5981404959,-25568.1818181818,-0.61199494949495,2,1,0,2,1,0,1,0,0,0,0,0,100,0,0,1,0,0,0,0,0,0,0,0,CB_2019Summer_AutoEvent104_14,2019,7
56,CB_2019Summer_AutoEvent113_15-56,2019-08-04T02:05:33Z,10,2019-08-03T22:05:33Z,2025-04-10T15:37:07Z,CB,56,AutoEvent113,Scl,(0.12133-0.0-0.04667-0.03333-0.0-0.22133-0.33333-0.09733-0.14667-),14343.75,12890.625,0.289,12890.625,13734.375,1453.125,13977.1205357143,378.682778049608,14156.25,13617.1875,0.10671256454389,1.11272727272727,0.938566552901024,14156.25,14203.125,14250,363.28125,0.140625,0,0,0,2954.01936026936,10908.5648148148,17013.1714876033,-15340.9090909091,-1.10900673400673,2,1,0,0,0,1,1,1,2,0,1,1,48.5714285714286,37.1428571428571,14.2857142857143,3,0.096,0.021,4.57142857142857,0.0585,0.0530330085889911,0.0585,10.3806228373702,0,CB_2019Summer_AutoEvent113_15,2019,8
57,CB_2019Summer_AutoEvent122_16-57,2019-08-04T19:55:21Z,970,2019-08-04T15:55:21Z,2025-04-10T15:39:35Z,CB,57,AutoEvent122,Sc,(0.27867-0.0-0.02133-0.028-0.0-0.37467-0.10667-0.152-0.03867-),11062.5,8531.25,0.277,8578.125,11062.5,2531.25,9762.15277777778,842.80722495093,9750,9796.875,0.258373205741627,1.2967032967033,0.775423728813559,9093.75,9750,10406.25,1382.8125,0.2203125,0,0,0,9060.86101398601,9689.13898601399,12828.9473684211,-4083.80681818182,-3.14141876430206,2,1,0,2,1,0,1,1,2,0,2,0,78.5714285714286,10.7142857142857,10.7142857142857,2,0.255,0.255,1,0.255,0,0.255,7.22021660649819,0,CB_2019Summer_AutoEvent122_16,2019,8
58,CB_2019Summer_AutoEvent122_16-58,2019-08-04T19:55:22Z,322,2019-08-04T15:55:22Z,2025-04-10T15:39:36Z,CB,58,AutoEvent122,Sc,(0.256-0.0-0.01867-0.11867-0.0-0.30267-0.016-0.27467-0.01333-),14062.5,12281.25,0.161,12281.25,14062.5,1781.25,13075.1953125,662.574159322232,12937.5,13171.875,0.135231316725979,1.14503816793893,0.873333333333333,12421.875,12843.75,13546.875,1125,0.1640625,0,0,0,11256.3131313131,11256.3131313131,12988.0536130536,0,0,2,1,0,2,1,0,1,0,0,0,0,0,100,0,0,1,0,0,0,0,0,0,0,0,CB_2019Summer_AutoEvent122_16,2019,8
59,CB_2019Summer_AutoEvent130_17-59,2019-08-07T00:55:15Z,250,2019-08-06T20:55:15Z,2025-04-10T15:45:13Z,CB,59,AutoEvent130,Ambig,(0.292-0.0-0.04533-0.23867-0.0-0.19467-0.04667-0.03333-0.14933-),10968.75,9562.5,0.203,10875,10125,1406.25,10563.28125,365.085317793104,10640.625,10265.625,0.136986301369863,1.14705882352941,1.07407407407407,10875,10640.625,10406.25,457.03125,0.1359375,0,0,0,-3888.80582137161,10168.7101275917,29829.5454545455,-9539.02867965368,-3.12710512320511,2,1,0,0,0,1,0,0,0,1,0,1,5.55555555555556,88.8888888888889,5.55555555555556,0,0,0,0,0,0,0,0,0,CB_2019Summer_AutoEvent130_17,2019,8
60,CB_2019Summer_AutoEvent130_17-60,2019-08-07T00:55:17Z,874,2019-08-06T20:55:17Z,2025-04-10T15:45:15Z,CB,60,AutoEvent130,Ambig,(0.26533-0.0-0.03867-0.16133-0.0-0.232-0.04533-0.07333-0.184-),11390.625,10500,0.171,10828.125,10546.875,890.625,10894.3014705882,295.562962765364,10875,10945.3125,0.0813704496788009,1.08482142857143,1.02666666666667,11343.75,10968.75,10593.75,515.625,0.075,0,0,0,-1797.76278409091,9352.80539772727,12088.0681818182,-8109.5041322314,-1.4906050955414,2,1,0,0,0,1,1,0,0,0,0,0,25,75,0,1,0,0,0,0,0,0,0,0,CB_2019Summer_AutoEvent130_17,2019,8
61,CB_2019Summer_AutoEvent130_17-61,2019-08-07T00:55:28Z,445,2019-08-06T20:55:28Z,2025-04-10T15:45:19Z,CB,61,AutoEvent130,Sf,(0.168-0.0-0.12667-0.05333-0.0-0.2-0.02267-0.364-0.06533-),12421.875,10078.125,0.181,10078.125,12421.875,2343.75,11424.4791666667,826.853734275917,11507.8125,11250,0.208333333333333,1.23255813953488,0.811320754716981,10687.5,11390.625,12281.25,1535.15625,0.1875,0,0,0,12859.2914438503,13410.7620320856,13955.9659090909,-4687.5,-2.97727272727273,2,1,0,2,1,0,1,0,0,0,0,0,100,0,0,1,0,0,0,0,0,0,0,0,CB_2019Summer_AutoEvent130_17,2019,8
62,CB_2019Summer_AutoEvent130_17-62,2019-08-07T00:55:29Z,96,2019-08-06T20:55:29Z,2025-04-10T15:45:19Z,CB,62,AutoEvent130,Sf,(0.06933-0.0-0.07067-0.04133-0.0-0.18533-0.084-0.45733-0.092-),12609.375,9796.875,0.159,9796.875,12609.375,2812.5,11405.2734375,916.59804578619,11437.5,11203.125,0.251046025104602,1.28708133971292,0.776951672862453,10500,11343.75,12140.625,1476.5625,0.2109375,0,0,0,17859.8484848485,18996.2121212121,19744.3181818182,-8522.72727272727,-2.31666666666667,2,1,0,2,1,0,1,0,0,0,0,0,100,0,0,1,0,0,0,0,0,0,0,0,CB_2019Summer_AutoEvent130_17,2019,8
63,CB_2019Summer_AutoEvent130_17-63,2019-08-07T00:55:30Z,88,2019-08-06T20:55:30Z,2025-04-10T15:45:21Z,CB,63,AutoEvent130,Sc,(0.10667-0.0-0.016-0.30933-0.0-0.31733-0.00933-0.21733-0.024-),13640.625,7078.125,0.437,7078.125,13640.625,6562.5,11095.3125,2073.9737673124,11601.5625,10359.375,0.633484162895928,1.9271523178807899,0.518900343642612,9234.375,11484.375,13078.125,3679.6875,0.5765625,0,0,0,14734.3523022871,14734.3523022871,16418.2782796913,0,0,2,1,0,2,1,0,1,0,1,0,1,0,95,2.5,2.5,1,0,0,0,0,0,0,0,0,CB_2019Summer_AutoEvent130_17,2019,8
64,CB_2019Summer_AutoEvent130_17-64,2019-08-07T00:55:30Z,866,2019-08-06T20:55:30Z,2025-04-10T15:45:21Z,CB,64,AutoEvent130,Sc,(0.064-0.0-0.01067-0.20933-0.0-0.348-0.02667-0.304-0.03733-),12421.875,8671.875,0.277,8671.875,12375,3750,10928.8194444444,1223.78101552456,11062.5,10546.875,0.355555555555556,1.43243243243243,0.700757575757576,9890.625,11062.5,12000,2085.9375,0.3140625,0,0,0,13390.5157342657,13718.3129370629,15322.3814229249,-4261.36363636364,-3.59565217391304,2,1,0,2,1,0,1,0,0,0,0,0,92,8,0,1,0,0,0,0,0,0,0,0,CB_2019Summer_AutoEvent130_17,2019,8
65,CB_2019Summer_AutoEvent130_17-65,2019-08-07T00:55:32Z,7,2019-08-06T20:55:32Z,2025-04-10T15:45:22Z,CB,65,AutoEvent130,Sf,(0.06-0.0-0.012-0.10933-0.0-0.252-0.004-0.544-0.01867-),11906.25,8812.5,0.183,8812.5,11906.25,3093.75,10651.0416666667,1051.42639895832,10851.5625,10359.375,0.298642533936652,1.35106382978723,0.740157480314961,9656.25,10734.375,11578.125,1769.53125,0.2296875,0,0,0,17023.1729055259,17023.1729055259,18087.1212121212,0,0,2,1,0,2,1,0,1,0,0,0,0,0,100,0,0,1,0,0,0,0,0,0,0,0,CB_2019Summer_AutoEvent130_17,2019,8
66,CB_2019Summer_AutoEvent130_17-66,2019-08-07T00:55:32Z,733,2019-08-06T20:55:32Z,2025-04-10T15:45:22Z,CB,66,AutoEvent130,Sf,(0.04667-0.0-0.04133-0.05333-0.0-0.21733-0.068-0.47333-0.1-),12328.125,9000,0.181,9000,12281.25,3328.125,10968.75,986.014915507337,10992.1875,10664.0625,0.312087912087912,1.36979166666667,0.732824427480916,10265.625,10921.875,11718.75,1335.9375,0.2296875,0,0,0,18110.7954545455,18612.1323529412,19509.0553977273,-4261.36363636364,-4.578125,2,1,0,2,1,0,1,0,0,0,0,0,100,0,0,1,0,0,0,0,0,0,0,0,CB_2019Summer_AutoEvent130_17,2019,8
67,CB_2019Summer_AutoEvent130_17-67,2019-08-07T00:55:33Z,575,2019-08-06T20:55:33Z,2025-04-10T15:45:22Z,CB,67,AutoEvent130,Ambig,(0.24-0.0-0.07067-0.24533-0.0-0.25333-0.04667-0.03467-0.10933-),11109.375,9703.125,0.235,10453.125,9703.125,1406.25,10573.3695652174,459.893482106339,10640.625,10406.25,0.135135135135135,1.14492753623188,1.07729468599034,11109.375,10734.375,10312.5,679.6875,0.1265625,0,0,0,-3159.43526170799,9467.54476584022,13877.8409090909,-9259.78535353536,-1.49872166354184,2,1,0,0,0,1,1,0,0,0,0,0,21.0526315789474,78.9473684210526,0,1,0,0,0,0,0,0,0,0,CB_2019Summer_AutoEvent130_17,2019,8
68,CB_2019Summer_AutoEvent130_17-68,2019-08-07T00:55:36Z,541,2019-08-06T20:55:36Z,2025-04-10T15:45:23Z,CB,68,AutoEvent130,Sc,(0.172-0.0-0.01867-0.06533-0.0-0.38267-0.09733-0.15733-0.10667-),13171.875,12468.75,0.181,12515.625,12562.5,703.125,12877.6041666667,229.530195733974,12914.0625,12820.3125,0.0548446069469835,1.05639097744361,0.996268656716418,12984.375,13171.875,12890.625,351.5625,0.0796875,0,0,0,300.802139037433,9174.46524064171,10067.4715909091,-9428.26704545455,-1.06779661016949,2,1,0,0,0,1,1,0,0,0,0,0,46.1538461538462,53.846153846153904,0,1,0,0,0,0,0,0,0,0,CB_2019Summer_AutoEvent130_17,2019,8
69,CB_2019Summer_AutoEvent130_17-69,2019-08-07T00:55:50Z,34,2019-08-06T20:55:50Z,2025-04-10T15:45:30Z,CB,69,AutoEvent130,Sf,(0.24933-0.0-0.11467-0.02933-0.0-0.116-0.04-0.35067-0.1-),11953.125,10171.875,0.161,10171.875,11765.625,1781.25,11062.5,594.407530655526,11109.375,11062.5,0.161016949152542,1.17511520737327,0.864541832669323,10500,11062.5,11578.125,1031.25,0.1265625,0,0,0,9943.18181818182,12215.9090909091,13849.4318181818,-17045.4545454545,-0.8125,2,1,0,2,1,0,1,0,0,0,0,0,100,0,0,1,0,0,0,0,0,0,0,0,CB_2019Summer_AutoEvent130_17,2019,8
70,CB_2019Summer_AutoEvent130_17-70,2019-08-07T00:55:55Z,335,2019-08-06T20:55:55Z,2025-04-10T15:45:34Z,CB,70,AutoEvent130,Sc,(0.05867-0.0-0.056-0.22-0.0-0.43467-0.096-0.02933-0.10533-),10921.875,8390.625,0.267,10921.875,8437.5,2531.25,9347.95673076923,693.645229874671,9304.6875,9656.25,0.262135922330097,1.30167597765363,1.29444444444444,9703.125,9328.125,8953.125,703.125,0.159375,0,0,0,-9252.84090909091,9627.84090909091,4687.5,-11800.4261363636,-0.397231417393921,0,0,1,0,0,1,1,1,0,1,0,1,8,88,4,2,0.01,0.01,1,0.01,0,0.01,7.49063670411985,0,CB_2019Summer_AutoEvent130_17,2019,8
71,CB_2019Summer_AutoEvent130_17-71,2019-08-07T00:56:02Z,333,2019-08-06T20:56:02Z,2025-04-10T15:45:37Z,CB,71,AutoEvent130,Dd,(0.324-0.0-0.01467-0.12267-0.0-0.176-0.148-0.10933-0.10533-),19734.375,17437.5,0.213,17437.5,19640.625,2296.875,18776.7857142857,755.047191346815,18937.5,18585.9375,0.123581336696091,1.13172043010753,0.88782816229117,18093.75,18937.5,19312.5,1125,0.178125,0,0,0,10484.1382575758,11379.0246212121,12860.6840463458,-4474.43181818182,-2.87426081543729,2,1,0,2,1,0,1,0,0,0,0,0,94.4444444444444,5.55555555555556,0,1,0,0,0,0,0,0,0,0,CB_2019Summer_AutoEvent130_17,2019,8
72,CB_2019Summer_AutoEvent130_17-72,2019-08-07T00:56:33Z,896,2019-08-06T20:56:33Z,2025-04-10T15:45:52Z,CB,72,AutoEvent130,Sc,(0.07467-0.0-0.02133-0.15867-0.0-0.56267-0.06-0.04133-0.08133-),10781.25,8531.25,0.288,10031.25,8531.25,2250,9928.81944444444,768.481393296512,10171.875,9656.25,0.233009708737864,1.26373626373626,1.17582417582418,10781.25,10265.625,9609.375,984.375,0.24375,0,0,0,-4390.14110889111,9897.13411588412,11931.8181818182,-10318.5876623377,-1.15634218289086,2,1,0,0,0,1,1,0,0,0,0,0,20.8333333333333,79.1666666666667,0,1,0,0,0,0,0,0,0,0,CB_2019Summer_AutoEvent130_17,2019,8
73,CB_2019Summer_AutoEvent130_17-73,2019-08-07T00:56:45Z,650,2019-08-06T20:56:45Z,2025-04-10T15:46:03Z,CB,73,AutoEvent130,Sc,(0.15867-0.0-0.04933-0.11333-0.0-0.38667-0.08267-0.072-0.13733-),10968.75,9281.25,0.181,10546.875,9281.25,1687.5,10218.75,509.446607200632,10265.625,10125,0.166666666666667,1.18181818181818,1.13636363636364,10687.5,10312.5,9843.75,714.84375,0.1359375,0,0,0,-7309.77049910873,14829.8239750446,31960.2272727273,-13441.8966450216,-2.37765756698956,2,1,0,0,0,1,1,0,0,0,0,0,7.14285714285714,92.8571428571429,0,1,0,0,0,0,0,0,0,0,CB_2019Summer_AutoEvent130_17,2019,8
74,CB_2019Summer_AutoEvent130_17-74,2019-08-07T00:56:59Z,730,2019-08-06T20:56:59Z,2025-04-10T15:46:08Z,CB,74,AutoEvent130,Sc,(0.15733-0.0-0.084-0.14933-0.0-0.368-0.07467-0.05467-0.112-),10734.375,9328.125,0.203,10359.375,9375,1406.25,10228.125,502.241071349208,10382.8125,10031.25,0.14018691588785,1.15075376884422,1.105,10734.375,10500,9937.5,796.875,0.140625,0,0,0,-4934.21052631579,9105.86124401914,9907.67045454546,-11115.0568181818,-0.891373801916933,2,1,0,0,0,1,0,0,1,0,0,1,23.8095238095238,66.6666666666667,9.52380952380952,1,0,0,0,0,0,0,0,0,CB_2019Summer_AutoEvent130_17,2019,8
75,CB_2019Summer_AutoEvent133_18-75,2019-08-07T01:26:24Z,61,2019-08-06T21:26:24Z,2025-04-10T15:48:58Z,CB,75,AutoEvent133,Ambig,(0.188-0.0-0.064-0.20133-0.0-0.28267-0.072-0.05733-0.13467-),10734.375,9515.625,0.202,10265.625,9609.375,1218.75,10270.3125,418.406796709727,10312.5,10125,0.12037037037037,1.12807881773399,1.06829268292683,10734.375,10734.375,9984.375,691.40625,0.13125,0,0,0,-3219.69696969697,9893.34130781499,10566.6035353535,-11324.8966942149,-0.933041935892563,2,1,0,0,0,1,1,0,0,0,0,0,26.6666666666667,73.3333333333333,0,1,0,0,0,0,0,0,0,0,CB_2019Summer_AutoEvent133_18,2019,8
76,CB_2019Summer_AutoEvent133_18-76,2019-08-07T01:26:25Z,341,2019-08-06T21:26:25Z,2025-04-10T15:48:58Z,CB,76,AutoEvent133,Sc,(0.084-0.0-0.032-0.17333-0.0-0.50667-0.02667-0.08667-0.09067-),10687.5,8671.875,0.181,10687.5,8765.625,2015.625,9755.20833333333,629.692859596225,9796.875,9679.6875,0.208232445520581,1.23243243243243,1.2192513368984,10171.875,9843.75,9234.375,761.71875,0.159375,0,0,0,-10728.6096256685,12733.9572192513,8522.72727272727,-14245.1298701299,-0.598290598290598,0,0,1,0,0,1,0,0,0,0,0,0,0,100,0,0,0,0,0,0,0,0,0,0,CB_2019Summer_AutoEvent133_18,2019,8
77,CB_2019Summer_AutoEvent133_18-77,2019-08-07T01:26:26Z,855,2019-08-06T21:26:26Z,2025-04-10T15:48:59Z,CB,77,AutoEvent133,Sc,(0.08-0.0-0.02533-0.144-0.0-0.57733-0.01867-0.07467-0.08-),11156.25,9093.75,0.203,11156.25,9093.75,2062.5,9965.625,633.547635863235,9820.3125,10125,0.203703703703704,1.22680412371134,1.22680412371134,10546.875,9843.75,9515.625,750,0.140625,0,0,0,-10182.4162679426,11572.966507177,6605.11363636364,-12157.4197860963,-0.543298969072165,0,0,1,0,0,1,0,0,0,0,0,0,0,100,0,0,0,0,0,0,0,0,0,0,CB_2019Summer_AutoEvent133_18,2019,8
78,CB_2019Summer_AutoEvent137_19-78,2019-08-07T02:05:34Z,375,2019-08-06T22:05:34Z,2025-04-10T15:51:05Z,CB,78,AutoEvent137,Ambig,(0.21733-0.0-0.02933-0.04667-0.0-0.20933-0.25467-0.17733-0.06533-),15375,13687.5,0.215,13687.5,15281.25,1687.5,14857.1428571429,447.766966955389,15000,14531.25,0.116129032258065,1.12328767123288,0.895705521472393,14625,15046.875,15140.625,328.125,0.0890625,0,0,0,7331.91287878788,10783.6174242424,12939.6645021645,-11505.6818181818,-1.12463256907701,2,1,0,0,0,1,1,1,1,0,0,1,77.7777777777778,16.6666666666667,5.55555555555556,3,0.042,0.022,1.90909090909091,0.032,0.014142135623731,0.032,13.953488372093,0,CB_2019Summer_AutoEvent137_19,2019,8
79,CB_2019Summer_AutoEvent137_19-79,2019-08-07T02:05:34Z,802,2019-08-06T22:05:34Z,2025-04-10T15:51:05Z,CB,79,AutoEvent137,Ambig,(0.22533-0.0-0.02-0.096-0.0-0.19733-0.184-0.156-0.12133-),15515.625,13546.875,0.193,13546.875,15281.25,1968.75,15017.2697368421,542.889613458681,15234.375,14531.25,0.135483870967742,1.14532871972318,0.886503067484663,14812.5,15281.25,15468.75,445.3125,0.121875,0,0,0,9090.90909090909,12405.303030303,13818.9935064935,-14914.7727272727,-0.926530612244898,2,1,0,0,0,1,1,0,0,0,0,0,87.5,12.5,0,1,0,0,0,0,0,0,0,0,CB_2019Summer_AutoEvent137_19,2019,8
80,CB_2019Summer_AutoEvent137_19-80,2019-08-07T02:05:37Z,384,2019-08-06T22:05:37Z,2025-04-10T15:51:05Z,CB,80,AutoEvent137,Ambig,(0.292-0.0-0.00133-0.188-0.0-0.224-0.032-0.21067-0.052-),15234.375,11015.625,0.234,11015.625,15234.375,4218.75,14044.1576086957,1217.82682997575,14437.5,13125,0.321428571428571,1.38297872340426,0.723076923076923,13218.75,14437.5,15000,1664.0625,0.2625,0,0,0,18040.8488292011,18040.8488292011,19844.9337121212,0,0,2,1,0,2,1,0,1,0,0,0,0,0,100,0,0,1,0,0,0,0,0,0,0,0,CB_2019Summer_AutoEvent137_19,2019,8
81,CB_2019Summer_AutoEvent137_19-81,2019-08-07T02:05:38Z,973,2019-08-06T22:05:38Z,2025-04-10T15:51:05Z,CB,81,AutoEvent137,Ambig,(0.19467-0.0-0.03733-0.11867-0.0-0.2-0.19467-0.11733-0.13733-),15656.25,14109.375,0.202,14109.375,15609.375,1546.875,15157.03125,359.338349103617,15210.9375,14882.8125,0.103937007874016,1.10963455149502,0.903903903903904,15000,15187.5,15375,351.5625,0.0609375,0,0,0,7423.74401913876,9218.0023923445,9881.03693181818,-17045.4545454545,-0.5796875,2,1,0,2,1,0,1,0,0,0,0,0,100,0,0,1,0,0,0,0,0,0,0,0,CB_2019Summer_AutoEvent137_19,2019,8
82,CB_2019Summer_AutoEvent137_19-82,2019-08-07T02:05:39Z,463,2019-08-06T22:05:39Z,2025-04-10T15:51:06Z,CB,82,AutoEvent137,Ambig,(0.27733-0.0-0.13733-0.03733-0.0-0.21867-0.04133-0.20533-0.08267-),12187.5,9984.375,0.236,9984.375,12187.5,2203.125,11119.5652173913,657.763553155827,11156.25,11085.9375,0.198731501057082,1.22065727699531,0.819230769230769,10546.875,11156.25,11671.875,1101.5625,0.15,0,0,0,9423.42458677686,10973.0113636364,10683.8474025974,-17045.4545454545,-0.626785714285714,2,1,0,2,1,0,1,0,0,0,0,0,100,0,0,1,0,0,0,0,0,0,0,0,CB_2019Summer_AutoEvent137_19,2019,8
83,CB_2019Summer_AutoEvent143_20-83,2019-08-07T07:45:26Z,899,2019-08-07T03:45:26Z,2025-04-10T15:52:52Z,CB,83,AutoEvent143,Sc,(0.212-0.0-0.04533-0.04533-0.0-0.44933-0.02-0.16133-0.06667-),13640.625,10921.875,0.276,10921.875,13593.75,2718.75,12166.6666666667,915.640587948174,12046.875,12281.25,0.221374045801527,1.24892703862661,0.803448275862069,11296.875,12046.875,12843.75,1593.75,0.2484375,0,0,0,9735.57692307692,10096.1538461538,11209.2391304348,-4687.5,-2.39130434782609,2,1,0,2,1,0,1,0,0,0,0,0,96,4,0,1,0,0,0,0,0,0,0,0,CB_2019Summer_AutoEvent143_20,2019,8
84,CB_2019Summer_AutoEvent143_20-84,2019-08-07T07:45:27Z,602,2019-08-07T03:45:27Z,2025-04-10T15:52:52Z,CB,84,AutoEvent143,Dd,(0.44533-0.0-0.01333-0.064-0.0-0.21467-0.012-0.22667-0.024-),12656.25,10781.25,0.16,10781.25,12656.25,1875,11827.1484375,664.836405658612,11906.25,11718.75,0.16,1.17391304347826,0.851851851851852,11156.25,11859.375,12375,1183.59375,0.15,0,0,0,11704.5454545455,11704.5454545455,12540.5844155844,0,0,2,1,0,2,1,0,1,0,0,0,0,0,100,0,0,1,0,0,0,0,0,0,0,0,CB_2019Summer_AutoEvent143_20,2019,8
85,CB_2019Summer_AutoEvent143_20-85,2019-08-07T07:45:32Z,829,2019-08-07T03:45:32Z,2025-04-10T15:52:53Z,CB,85,AutoEvent143,Sc,(0.24667-0.0-0.04133-0.08533-0.0-0.31467-0.03067-0.23333-0.048-),13734.375,11906.25,0.181,11906.25,13734.375,1828.125,12960.9375,571.899860838596,13007.8125,12820.3125,0.14259597806215701,1.15354330708661,0.866894197952218,12562.5,12937.5,13406.25,808.59375,0.13125,0,0,0,10079.6568627451,10631.1274509804,11002.6041666667,-4687.5,-2.34722222222222,2,1,0,2,1,0,1,0,0,0,0,0,100,0,0,1,0,0,0,0,0,0,0,0,CB_2019Summer_AutoEvent143_20,2019,8
86,CB_2019Summer_AutoEvent144_21-86,2019-08-07T07:56:09Z,458,2019-08-07T03:56:09Z,2025-04-10T15:53:11Z,CB,86,AutoEvent144,Sf,(0.244-0.0-0.06267-0.04667-0.0-0.12-0.03333-0.372-0.12133-),12421.875,10593.75,0.192,10593.75,12421.875,1828.125,11620.0657894737,542.818602630605,11625,11507.8125,0.158859470468432,1.17256637168142,0.852830188679245,11250,11625,12046.875,796.875,0.1359375,0,0,0,9440.76178451179,11524.0951178451,11792.7320075758,-18750,-0.628945707070707,2,1,0,0,0,1,1,0,0,0,0,0,100,0,0,1,0,0,0,0,0,0,0,0,CB_2019Summer_AutoEvent144_21,2019,8
87,CB_2019Summer_AutoEvent144_21-87,2019-08-07T07:56:11Z,335,2019-08-07T03:56:11Z,2025-04-10T15:53:11Z,CB,87,AutoEvent144,Sc,(0.28-0.0-0.04267-0.05867-0.0-0.32667-0.028-0.208-0.056-),13125,11203.125,0.182,11203.125,13078.125,1921.875,12518.75,583.983348511998,12656.25,12164.0625,0.157996146435453,1.17154811715481,0.85663082437276,12375,12656.25,12843.75,539.0625,0.075,0,0,0,8000.20292207792,10009.1314935065,10505.4450757576,-7031.25,-1.49410774410774,2,1,0,2,1,0,1,0,0,0,0,0,100,0,0,1,0,0,0,0,0,0,0,0,CB_2019Summer_AutoEvent144_21,2019,8
88,CB_2019Summer_AutoEvent144_21-88,2019-08-07T07:56:11Z,517,2019-08-07T03:56:11Z,2025-04-10T15:53:11Z,CB,88,AutoEvent144,Ambig,(0.16-0.0-0.01067-0.19067-0.0-0.15467-0.092-0.244-0.148-),15375,13265.625,0.16,13265.625,15140.625,2109.375,14487.3046875,719.185075520594,14601.5625,14320.3125,0.147299509001637,1.15901060070671,0.876160990712074,13781.25,14484.375,15281.25,1230.46875,0.1828125,0,0,0,11818.1818181818,15397.7272727273,15701.486013986,-13423.2954545455,-1.16971916971917,2,1,0,0,0,1,1,0,0,0,0,0,91.6666666666667,8.33333333333333,0,1,0,0,0,0,0,0,0,0,CB_2019Summer_AutoEvent144_21,2019,8
89,CB_2019Summer_AutoEvent144_21-89,2019-08-07T07:56:12Z,743,2019-08-07T03:56:12Z,2025-04-10T15:53:12Z,CB,89,AutoEvent144,Ambig,(0.21067-0.0-0.016-0.14667-0.0-0.208-0.07867-0.17467-0.16533-),15468.75,13359.375,0.171,13359.375,15468.75,2109.375,14534.0073529412,718.861134710483,14578.125,14414.0625,0.146341463414634,1.15789473684211,0.863636363636364,13781.25,14578.125,15234.375,1312.5,0.1546875,0,0,0,12124.1714015152,13426.2547348485,13626.8939393939,-10416.6666666667,-1.3081818181818201,2,1,0,2,1,0,1,0,0,0,0,0,100,0,0,1,0,0,0,0,0,0,0,0,CB_2019Summer_AutoEvent144_21,2019,8
90,CB_2019Summer_AutoEvent144_21-90,2019-08-07T07:56:14Z,450,2019-08-07T03:56:14Z,2025-04-10T15:53:12Z,CB,90,AutoEvent144,Ambig,(0.16-0.0-0.14-0.05467-0.0-0.24-0.09867-0.25067-0.056-),13125,10828.125,0.192,10875,13031.25,2296.875,12101.1513157895,808.019974247478,12234.375,11976.5625,0.191780821917808,1.21212121212121,0.834532374100719,11296.875,12234.375,12796.875,1453.125,0.1875,0,0,0,11072.9692760943,13582.438973064,13868.6671401515,-11292.6136363636,-1.22811844863732,2,1,0,2,1,0,1,1,0,0,0,0,100,0,0,2,0.159,0.159,1,0.159,0,0.159,10.4166666666667,0,CB_2019Summer_AutoEvent144_21,2019,8
91,CB_2019Summer_AutoEvent144_21-91,2019-08-07T07:56:15Z,762,2019-08-07T03:56:15Z,2025-04-10T15:53:12Z,CB,91,AutoEvent144,Sc,(0.244-0.0-0.068-0.028-0.0-0.39733-0.02667-0.172-0.064-),12843.75,10312.5,0.277,10312.5,12796.875,2531.25,11565.9722222222,805.481583234208,11343.75,11578.125,0.218623481781377,1.24545454545455,0.805860805860806,10875,11296.875,12234.375,1359.375,0.2109375,0,0,0,9034.45512820513,9755.60897435897,10177.9513888889,-4687.5,-2.1712962962963,2,1,0,2,1,0,1,0,0,0,0,0,100,0,0,1,0,0,0,0,0,0,0,0,CB_2019Summer_AutoEvent144_21,2019,8
92,CB_2019Summer_AutoEvent144_21-92,2019-08-07T07:56:16Z,317,2019-08-07T03:56:16Z,2025-04-10T15:53:12Z,CB,92,AutoEvent144,Sc,(0.17867-0.0-0.01467-0.056-0.0-0.43867-0.02267-0.276-0.01333-),12468.75,9703.125,0.267,9703.125,12468.75,2765.625,11240.9855769231,894.81113882129,11460.9375,11085.9375,0.249471458773784,1.28502415458937,0.778195488721805,10500,11390.625,11953.125,1394.53125,0.24375,0,0,0,10457.3863636364,10457.3863636364,11883.3935950413,0,0,2,1,0,2,1,0,1,0,0,0,0,0,100,0,0,1,0,0,0,0,0,0,0,0,CB_2019Summer_AutoEvent144_21,2019,8
93,CB_2019Summer_AutoEvent144_21-93,2019-08-07T07:56:17Z,234,2019-08-07T03:56:17Z,2025-04-10T15:53:12Z,CB,93,AutoEvent144,Sc,(0.116-0.0-0.05867-0.172-0.0-0.39733-0.03867-0.13333-0.084-),10968.75,9328.125,0.171,10968.75,9375,1640.625,10196.6911764706,538.837668906791,10218.75,10148.4375,0.161662817551963,1.17587939698492,1.17,10734.375,10218.75,9750,890.625,0.140625,0,0,0,-9268.46590909091,11452.4147727273,8735.79545454546,-12751.3111888112,-0.685089974293059,0,0,1,0,0,1,0,0,0,0,0,0,0,100,0,0,0,0,0,0,0,0,0,0,CB_2019Summer_AutoEvent144_21,2019,8
94,CB_2019Summer_AutoEvent144_21-94,2019-08-07T07:56:17Z,863,2019-08-07T03:56:17Z,2025-04-10T15:53:12Z,CB,94,AutoEvent144,Sc,(0.2-0.0-0.01067-0.12667-0.0-0.37067-0.03867-0.13467-0.11867-),15187.5,11578.125,0.288,11578.125,15093.75,3609.375,13299.1071428571,1223.73826542358,13289.0625,13382.8125,0.269702276707531,1.31174089068826,0.767080745341615,12093.75,13171.875,14250,2074.21875,0.3375,0,0,0,12242.2138047138,12905.0925925926,14145.3598484848,-4474.43181818182,-3.16137566137566,2,1,0,2,1,0,1,0,0,0,0,0,96,4,0,1,0,0,0,0,0,0,0,0,CB_2019Summer_AutoEvent144_21,2019,8
95,CB_2019Summer_AutoEvent144_21-95,2019-08-07T07:56:18Z,365,2019-08-07T03:56:18Z,2025-04-10T15:53:12Z,CB,95,AutoEvent144,Sc,(0.34133-0.0-0.00133-0.16133-0.0-0.35067-0.00267-0.12267-0.02-),14671.875,10500,0.321,10500,14671.875,4171.875,12666.8346774194,1282.16676485675,12562.5,12585.9375,0.33147113594041,1.39732142857143,0.715654952076677,11625,12562.5,13593.75,1921.875,0.365625,0,0,0,13057.1338383838,13057.1338383838,13989.7862554113,0,0,2,1,0,2,1,0,0,0,1,0,0,1,93.5483870967742,3.2258064516129,3.2258064516129,1,0,0,0,0,0,0,0,0,CB_2019Summer_AutoEvent144_21,2019,8
96,CB_2019Summer_AutoEvent144_21-96,2019-08-07T07:56:19Z,795,2019-08-07T03:56:19Z,2025-04-10T15:53:13Z,CB,96,AutoEvent144,Ambig,(0.15867-0.0-0.01067-0.26667-0.0-0.18933-0.06667-0.13333-0.17467-),15562.5,11484.375,0.244,11484.375,15375,4078.125,13638.671875,1329.88863480941,13570.3125,13523.4375,0.30155979202773,1.35510204081633,0.746951219512195,12375,13500,14718.75,2296.875,0.3375,0,0,0,16005.8465085639,17969.779314888,18605.6998556999,-11292.6136363636,-1.64759908156135,2,1,0,2,1,0,1,0,0,0,0,0,100,0,0,1,0,0,0,0,0,0,0,0,CB_2019Summer_AutoEvent144_21,2019,8
97,CB_2019Summer_AutoEvent144_21-97,2019-08-07T07:56:20Z,286,2019-08-07T03:56:20Z,2025-04-10T15:53:13Z,CB,97,AutoEvent144,Sc,(0.14133-0.0-0.036-0.02933-0.0-0.61467-0.01867-0.10133-0.05867-),13968.75,10640.625,0.329,10640.625,13921.875,3328.125,12347.16796875,1020.39230359468,12281.25,12304.6875,0.27047619047619,1.31277533039648,0.764309764309764,11578.125,12234.375,13171.875,1558.59375,0.3,0,0,0,10025.6598240469,10328.0791788856,11267.2483766234,-4687.5,-2.40367965367965,2,1,0,2,1,0,1,0,0,0,0,0,100,0,0,1,0,0,0,0,0,0,0,0,CB_2019Summer_AutoEvent144_21,2019,8
98,CB_2019Summer_AutoEvent144_21-98,2019-08-07T07:56:23Z,218,2019-08-07T03:56:23Z,2025-04-10T15:53:13Z,CB,98,AutoEvent144,Sc,(0.13867-0.0-0.052-0.16933-0.0-0.4-0.04267-0.10667-0.09067-),10875,9187.5,0.192,10875,9281.25,1687.5,10171.875,572.608818806522,10265.625,10031.25,0.168224299065421,1.18367346938776,1.17171717171717,10687.5,10265.625,9796.875,914.0625,0.1453125,0,0,0,-8239.9515993266,9281.61826599327,9375,-9855.88304924243,-0.951208527248161,0,0,1,0,0,1,0,0,0,0,0,0,0,100,0,0,0,0,0,0,0,0,0,0,CB_2019Summer_AutoEvent144_21,2019,8
99,CB_2019Summer_AutoEvent144_21-99,2019-08-07T07:56:26Z,439,2019-08-07T03:56:26Z,2025-04-10T15:53:13Z,CB,99,AutoEvent144,Ambig,(0.22933-0.0-0.064-0.05867-0.0-0.22933-0.03067-0.23467-0.15333-),14343.75,11343.75,0.267,11343.75,14343.75,3000,12845.5528846154,958.314019628402,12820.3125,12843.75,0.233576642335766,1.26446280991736,0.790849673202614,12000,12750,13734.375,1664.0625,0.24375,0,0,0,11178.0303030303,12678.0303030303,12425.0315656566,-18750,-0.66266835016835,2,1,0,2,1,0,1,0,0,0,0,0,100,0,0,1,0,0,0,0,0,0,0,0,CB_2019Summer_AutoEvent144_21,2019,8
100,CB_2019Summer_AutoEvent144_21-100,2019-08-07T07:56:26Z,919,2019-08-07T03:56:26Z,2025-04-10T15:53:13Z,CB,100,AutoEvent144,Ambig,(0.212-0.0-0.064-0.09467-0.0-0.232-0.07867-0.14533-0.17333-),11015.625,10218.75,0.182,10359.375,10218.75,796.875,10739.5833333333,247.981279683627,10781.25,10617.1875,0.0750551876379691,1.07798165137615,1.01376146788991,10921.875,10968.75,10687.5,386.71875,0.084375,0,0,0,-977.606951871658,10653.4090909091,13707.3863636364,-12357.9545454545,-1.10919540229885,2,1,0,0,0,1,0,0,1,0,0,1,37.5,56.25,6.25,1,0,0,0,0,0,0,0,0,CB_2019Summer_AutoEvent144_21,2019,8
101,CB_2019Summer_AutoEvent145_22-101,2019-08-07T08:06:20Z,286,2019-08-07T04:06:20Z,2025-04-10T15:53:40Z,CB,101,AutoEvent145,Sc,(0.07333-0.0-0.04267-0.108-0.0-0.38667-0.10133-0.02267-0.26533-),12140.625,8718.75,0.213,11156.25,8812.5,3421.875,11013.3928571429,1195.49412135586,11484.375,10429.6875,0.328089887640449,1.39247311827957,1.26595744680851,12093.75,11812.5,9984.375,2015.625,0.3140625,0,0,0,-10720.8806818182,21161.2215909091,17400.5681818182,-24524.6940559441,-0.709512140788594,2,1,0,0,0,1,1,0,0,0,0,0,23.5294117647059,76.4705882352941,0,1,0,0,0,0,0,0,0,0,CB_2019Summer_AutoEvent145_22,2019,8
102,CB_2019Summer_AutoEvent145_22-102,2019-08-07T08:06:28Z,200,2019-08-07T04:06:28Z,2025-04-10T15:53:41Z,CB,102,AutoEvent145,Sc,(0.028-0.0-0.00667-0.188-0.0-0.37333-0.152-0.02267-0.22933-),12046.875,7593.75,0.288,11859.375,7828.125,4453.125,9991.31944444444,1529.49721437014,10125,9820.3125,0.45346062052506,1.58641975308642,1.51497005988024,11625,10125,8765.625,2718.75,0.4078125,0,0,0,-13136.4729020979,16217.7666083916,20028.4090909091,-16591.5266798419,-1.2071468453378,2,1,0,0,0,1,0,0,0,0,0,0,0,100,0,0,0,0,0,0,0,0,0,0,CB_2019Summer_AutoEvent145_22,2019,8
